City_ID,City,Country,Date,Lat,Lng,Max Temp,Humidity,Cloudiness,Wind Speed
0,Jamestown,US,2022-04-03 02:53:31,42.097,-79.2353,35.24,62,0,8.05
1,Inhambane,MZ,2022-04-03 02:53:31,-23.865,35.3833,76.73,76,75,6.6
2,Kuusamo,FI,2022-04-03 02:53:32,65.9667,29.1833,23.04,86,100,6.91
3,Mnogovershinnyy,RU,2022-04-03 02:53:32,53.9353,139.9242,30.11,94,100,6.82
4,Santa Cruz,BO,2022-04-03 02:53:33,-17.8,-63.1667,65.66,82,0,5.75
5,Lompoc,US,2022-04-03 02:53:33,34.6391,-120.4579,59.14,86,100,4.61
6,Victoria,HK,2022-04-03 02:52:16,22.2855,114.1577,69.33,47,40,10.0
7,Hilo,US,2022-04-03 02:48:57,19.7297,-155.09,78.53,79,100,11.5
8,East London,ZA,2022-04-03 02:53:34,-33.0153,27.9116,67.39,90,100,14.99
9,Houma,US,2022-04-03 02:49:44,29.5958,-90.7195,66.2,79,0,5.75
10,Bonthe,SL,2022-04-03 02:53:34,7.5264,-12.505,76.91,89,100,1.81
11,Georgetown,MY,2022-04-03 02:51:36,5.4112,100.3354,85.93,76,20,5.75
12,Grindavik,IS,2022-04-03 02:53:35,63.8424,-22.4338,45.9,100,100,13.8
13,Ust-Kuyga,RU,2022-04-03 02:53:35,70.0167,135.6,7.75,84,78,4.34
14,Ilulissat,GL,2022-04-03 02:53:35,69.2167,-51.1,20.93,92,100,8.1
15,Ushuaia,AR,2022-04-03 02:53:36,-54.8,-68.3,37.06,87,20,6.91
16,Hermanus,ZA,2022-04-03 02:53:36,-34.4187,19.2345,58.8,84,13,10.33
17,Kismayo,SO,2022-04-03 02:53:36,-0.3582,42.5454,79.52,80,27,8.84
18,Rikitea,PF,2022-04-03 02:53:37,-23.1203,-134.9692,75.52,59,6,7.78
19,Bluff,NZ,2022-04-03 02:53:37,-46.6,168.3333,58.23,70,91,17.85
20,Albany,US,2022-04-03 02:51:45,42.6001,-73.9662,40.53,58,100,3.04
21,Marsa Matruh,EG,2022-04-03 02:53:38,31.3525,27.2453,57.4,82,100,2.3
22,Rio Gallegos,AR,2022-04-03 02:53:38,-51.6226,-69.2181,39.25,75,0,11.5
23,Thompson,CA,2022-04-03 02:53:38,55.7435,-97.8558,24.96,54,40,4.61
24,Lavrentiya,RU,2022-04-03 02:53:39,65.5833,-171.0,8.73,76,0,11.56
25,Suez,EG,2022-04-03 02:53:39,29.9737,32.5263,68.81,41,100,12.86
26,Avarua,CK,2022-04-03 02:50:13,-21.2078,-159.775,82.45,78,75,10.36
27,Kapaa,US,2022-04-03 02:53:40,22.0752,-159.319,74.48,86,68,7.0
28,Prince Rupert,CA,2022-04-03 02:51:45,54.3161,-130.3201,39.29,93,100,52.93
29,Mar Del Plata,AR,2022-04-03 02:51:38,-38.0023,-57.5575,60.87,78,0,20.0
30,Samarai,PG,2022-04-03 02:53:40,-10.6167,150.6667,82.42,72,100,8.97
31,Suntar,RU,2022-04-03 02:53:41,62.1444,117.6319,20.34,82,100,5.26
32,Coihaique,CL,2022-04-03 02:53:41,-45.5752,-72.0662,41.61,87,0,3.44
33,Castro,BR,2022-04-03 02:53:42,-24.7911,-50.0119,58.68,97,100,9.84
34,Zunheboto,IN,2022-04-03 02:53:42,25.9667,94.5167,76.37,45,8,1.9
35,Eyl,SO,2022-04-03 02:53:42,7.9803,49.8164,76.71,82,23,5.28
36,Taoudenni,ML,2022-04-03 02:53:43,22.6783,-3.9836,78.46,13,0,3.8
37,Bolama,GW,2022-04-03 02:53:43,11.5833,-15.4667,74.16,61,90,7.78
38,Los Llanos De Aridane,ES,2022-04-03 02:53:43,28.6585,-17.9182,58.75,88,20,6.91
39,Richards Bay,ZA,2022-04-03 02:53:44,-28.783,32.0377,70.02,97,39,3.76
40,Tasiilaq,GL,2022-04-03 02:53:44,65.6145,-37.6368,22.23,94,100,13.49
41,Punta Arenas,CL,2022-04-03 02:53:45,-53.15,-70.9167,39.31,81,0,9.22
42,Lorengau,PG,2022-04-03 02:53:45,-2.0226,147.2712,84.06,69,100,7.47
43,Nome,US,2022-04-03 02:53:45,64.5011,-165.4064,18.1,61,0,3.69
44,Bengkulu,ID,2022-04-03 02:49:19,-3.8004,102.2655,83.59,62,17,5.73
45,Bathsheba,BB,2022-04-03 02:53:46,13.2167,-59.5167,77.61,69,40,20.71
46,Qaanaaq,GL,2022-04-03 02:53:46,77.484,-69.3632,8.02,71,23,7.38
47,Wadi Maliz,TN,2022-04-03 02:53:47,36.4681,8.5495,40.66,72,100,3.62
48,Ribeira Grande,PT,2022-04-03 02:53:47,38.5167,-28.7,59.54,76,100,21.47
49,Hobart,AU,2022-04-03 02:53:48,-42.8794,147.3294,63.27,69,75,6.91
50,Butaritari,KI,2022-04-03 02:53:48,3.0707,172.7902,81.72,77,28,15.7
51,Mataura,NZ,2022-04-03 02:53:48,-46.1927,168.8643,62.64,58,30,7.85
52,Katsuura,JP,2022-04-03 02:50:32,35.1333,140.3,55.04,68,100,15.57
53,Qaqortoq,GL,2022-04-03 02:53:49,60.7167,-46.0333,35.65,95,100,3.51
54,Fort Smith,US,2022-04-03 02:53:49,35.3859,-94.3986,58.17,58,6,2.98
55,Puerto Ayora,EC,2022-04-03 02:53:49,-0.7393,-90.3518,77.56,95,37,6.53
56,Bud,US,2022-04-03 02:53:50,39.447,-86.1758,44.4,79,38,16.42
57,Kungurtug,RU,2022-04-03 02:53:50,50.5994,97.5228,34.47,67,98,3.0
58,Kruisfontein,ZA,2022-04-03 02:53:51,-34.0033,24.7314,61.88,91,100,11.72
59,Hobyo,SO,2022-04-03 02:53:51,5.3505,48.5268,80.31,75,25,10.29
60,Praxedis Guerrero,MX,2022-04-03 02:53:52,31.3667,-106.0167,73.2,12,0,5.59
61,Solnechnyy,RU,2022-04-03 02:53:52,50.7214,136.6319,40.12,88,100,6.02
62,Berlevag,NO,2022-04-03 02:53:52,70.8578,29.0864,22.8,75,100,20.33
63,Lebu,CL,2022-04-03 02:53:53,-37.6167,-73.65,52.59,75,38,15.68
64,Nabire,ID,2022-04-03 02:53:53,-3.3667,135.4833,88.72,52,18,4.59
65,Tucuman,AR,2022-04-03 02:53:53,-26.8241,-65.2226,55.4,88,0,8.05
66,Seydi,TM,2022-04-03 02:53:54,39.4816,62.9137,62.37,27,13,8.59
67,Mattoon,US,2022-04-03 02:53:54,39.4831,-88.3728,42.46,83,5,12.91
68,Nikolskoye,RU,2022-04-03 02:53:55,59.7035,30.7861,23.81,96,5,2.64
69,Tezu,IN,2022-04-03 02:53:55,27.9167,96.1667,72.0,79,100,2.89
70,Krasnoselkup,RU,2022-04-03 02:53:55,65.7,82.4667,9.52,97,100,5.61
71,Diffa,NE,2022-04-03 02:53:56,13.3154,12.6113,79.3,8,98,10.63
72,Cape Town,ZA,2022-04-03 02:53:56,-33.9258,18.4232,61.88,75,0,5.75
73,Madaoua,NE,2022-04-03 02:53:57,14.073,5.96,77.13,5,83,3.49
74,Kaitangata,NZ,2022-04-03 02:53:57,-46.2817,169.8464,65.03,53,87,9.31
75,Atuona,PF,2022-04-03 02:53:57,-9.8,-139.0333,79.75,75,18,17.76
76,Verkhoyansk,RU,2022-04-03 02:53:58,67.5447,133.385,11.97,78,97,1.45
77,Bethel,US,2022-04-03 02:53:01,41.3712,-73.414,43.16,63,99,1.03
78,Marang,MY,2022-04-03 02:53:58,5.2056,103.2059,76.93,76,93,0.31
79,Coahuayana,MX,2022-04-03 02:53:58,18.7333,-103.6833,67.44,90,0,2.19
80,Nemuro,JP,2022-04-03 02:53:59,43.3236,145.575,39.16,72,1,14.72
81,Port Alfred,ZA,2022-04-03 02:53:59,-33.5906,26.891,62.19,96,100,1.99
82,Khatanga,RU,2022-04-03 02:54:00,71.9667,102.5,-1.8,94,100,9.31
83,Carnarvon,AU,2022-04-03 02:54:00,-24.8667,113.6333,80.67,78,40,9.22
84,Batsfjord,NO,2022-04-03 02:54:00,70.6345,29.7185,22.78,86,100,3.44
85,Nioki,CD,2022-04-03 02:54:01,-2.7167,17.6833,69.12,99,100,1.61
86,Camabatela,AO,2022-04-03 02:54:01,-8.1881,15.375,63.54,99,100,3.53
87,Bredasdorp,ZA,2022-04-03 02:54:02,-34.5322,20.0403,59.29,83,43,3.18
88,Mersing,MY,2022-04-03 02:54:02,2.4312,103.8405,76.91,94,40,2.3
89,Micomeseng,GQ,2022-04-03 02:54:02,2.1462,10.6164,68.41,98,100,1.86
90,Hithadhoo,MV,2022-04-03 02:54:03,-0.6,73.0833,83.3,68,13,5.37
91,Tuktoyaktuk,CA,2022-04-03 02:54:03,69.4541,-133.0374,-11.2,77,100,3.44
92,Tumen,CN,2022-04-03 02:54:03,42.9661,129.8425,56.41,25,0,4.61
93,Kovernino,RU,2022-04-03 02:54:04,57.1253,43.8142,32.61,98,100,8.01
94,Sinnamary,GF,2022-04-03 02:54:04,5.3833,-52.95,77.99,88,98,12.39
95,New Norfolk,AU,2022-04-03 02:54:05,-42.7826,147.0587,62.92,46,17,3.49
96,Lazaro Cardenas,MX,2022-04-03 02:54:05,17.9583,-102.2,71.64,81,15,5.79
97,Puerto Suarez,BO,2022-04-03 02:54:05,-18.95,-57.8,70.63,82,47,4.41
98,Kalmunai,LK,2022-04-03 02:54:06,7.4167,81.8167,81.72,76,59,7.47
99,Bambous Virieux,MU,2022-04-03 02:54:06,-20.3428,57.7575,77.22,100,40,20.71
100,Kodiak,US,2022-04-03 02:54:06,57.79,-152.4072,37.35,72,100,3.51
101,Constitucion,CL,2022-04-03 02:54:07,-35.3333,-72.4167,56.57,97,82,8.28
102,Ixtapa,MX,2022-04-03 02:54:07,20.7,-105.2,65.43,90,5,1.95
103,Faanui,PF,2022-04-03 02:54:08,-16.4833,-151.75,82.45,69,15,3.31
104,Sibolga,ID,2022-04-03 02:54:08,1.7427,98.7792,79.36,81,100,1.19
105,Caravelas,BR,2022-04-03 02:54:08,-17.7125,-39.2481,75.34,86,0,3.27
106,Salinopolis,BR,2022-04-03 02:54:09,-0.6136,-47.3561,78.53,87,57,9.84
107,Atar,MR,2022-04-03 02:54:09,20.5169,-13.0499,69.1,25,0,5.3
108,Husavik,IS,2022-04-03 02:54:10,66.0449,-17.3389,36.25,94,100,5.41
109,Kavaratti,IN,2022-04-03 02:54:10,10.5669,72.642,82.2,71,4,1.97
110,Brive-La-Gaillarde,FR,2022-04-03 02:54:11,45.25,1.5,29.28,95,9,3.04
111,Kavieng,PG,2022-04-03 02:54:11,-2.5744,150.7967,82.76,75,47,12.75
112,San Policarpo,PH,2022-04-03 02:54:11,12.1791,125.5072,82.36,74,73,9.53
113,Yellowknife,CA,2022-04-03 02:51:45,62.456,-114.3525,5.52,51,100,9.22
114,Luwingu,ZM,2022-04-03 02:54:12,-10.2621,29.9271,60.39,95,95,2.33
115,La Palma,US,2022-04-03 02:49:34,33.8464,-118.0467,65.01,74,100,9.22
116,Farmington,US,2022-04-03 02:54:12,36.7281,-108.2187,60.78,37,10,4.0
117,Saint-Philippe,RE,2022-04-03 02:54:13,-21.3585,55.7679,74.1,91,100,15.12
118,Barrow,US,2022-04-03 02:54:13,71.2906,-156.7887,-3.98,71,40,16.11
119,Magadan,RU,2022-04-03 02:54:13,59.5667,150.8,24.53,67,100,3.27
120,Hofn,IS,2022-04-03 02:54:14,64.2539,-15.2082,40.23,92,100,6.8
121,Chara,RU,2022-04-03 02:54:14,56.9064,118.2631,30.65,59,26,13.2
122,Westport,US,2022-04-03 02:51:13,41.1415,-73.3579,44.2,66,99,1.99
123,Geraldton,AU,2022-04-03 02:54:15,-28.7667,114.6,79.21,78,75,12.66
124,Dillon,US,2022-04-03 02:54:15,34.4166,-79.3712,61.05,89,100,4.94
125,Beyneu,KZ,2022-04-03 02:54:16,45.3167,55.2,57.24,40,13,16.71
126,Busselton,AU,2022-04-03 02:54:16,-33.65,115.3333,71.87,79,87,14.92
127,Le Moule,GP,2022-04-03 02:54:16,16.3332,-61.3473,75.24,100,15,16.58
128,Ranong,TH,2022-04-03 02:54:17,9.9658,98.6348,80.53,74,96,8.57
129,Staryy Nadym,RU,2022-04-03 02:54:17,65.6118,72.6842,7.81,90,24,7.52
130,Chicama,PE,2022-04-03 02:54:18,-7.8447,-79.1469,64.94,79,99,6.73
131,Saldanha,ZA,2022-04-03 02:54:18,-33.0117,17.9442,59.05,81,0,9.17
132,Airai,TL,2022-04-03 02:54:18,-8.9266,125.4092,75.33,42,47,1.59
133,Sheregesh,RU,2022-04-03 02:54:19,52.9209,87.9869,33.24,100,100,5.03
134,Abadiania,BR,2022-04-03 02:54:19,-16.2042,-48.7069,72.52,70,4,2.28
135,Pochutla,MX,2022-04-03 02:54:20,15.7432,-96.4661,79.83,61,35,4.61
136,Santa Cruz De Tenerife,ES,2022-04-03 02:54:20,28.4682,-16.2546,61.72,85,0,0.0
137,Bluefields,NI,2022-04-03 02:54:20,12.0137,-83.7635,75.74,90,100,6.2
138,Provideniya,RU,2022-04-03 02:54:21,64.3833,-173.3,17.2,59,0,10.6
139,Along,IN,2022-04-03 02:54:21,28.1667,94.7667,69.08,94,99,1.19
140,Japura,ID,2022-04-03 02:54:22,-0.3167,102.35,83.59,77,52,2.44
141,Narsaq,GL,2022-04-03 02:54:22,60.9167,-46.05,34.7,95,100,4.43
142,Mount Isa,AU,2022-04-03 02:54:22,-20.7333,139.5,92.97,15,75,6.91
143,Esperance,AU,2022-04-03 02:54:23,-33.8667,121.9,87.64,44,69,8.99
144,Tilichiki,RU,2022-04-03 02:54:23,60.4667,166.1,23.09,81,100,7.74
145,Peristera,GR,2022-04-03 02:54:24,40.55,23.1667,48.36,67,20,13.8
146,Newport,GB,2022-04-03 02:50:57,51.5877,-2.9984,35.71,83,15,5.77
147,Viking,CA,2022-04-03 02:54:24,53.1001,-111.7684,35.73,88,78,2.64
148,Kapuskasing,CA,2022-04-03 02:54:25,49.4169,-82.4331,33.89,93,100,5.75
149,Atasu,KZ,2022-04-03 02:54:25,48.6814,71.6433,32.58,74,70,1.77
150,Fortuna,US,2022-04-03 02:54:25,40.5982,-124.1573,49.91,86,75,11.5
151,Sitka,US,2022-04-03 02:54:26,57.0531,-135.33,38.32,84,100,7.96
152,Cherskiy,RU,2022-04-03 02:54:26,68.75,161.3,3.31,84,81,5.14
153,Aklavik,CA,2022-04-03 02:54:27,68.2191,-135.0107,-10.3,96,100,7.16
154,Necochea,AR,2022-04-03 02:50:55,-38.5473,-58.7368,57.92,62,0,19.13
155,Palmer,US,2022-04-03 02:54:27,42.1584,-72.3287,40.91,70,75,0.0
156,Labuhan,ID,2022-04-03 02:54:27,-6.8844,112.2051,85.39,68,39,4.21
157,Nuuk,GL,2022-04-03 02:50:21,64.1835,-51.7216,31.87,97,100,5.01
158,Mitsamiouli,KM,2022-04-03 02:54:28,-11.3847,43.2844,80.55,74,50,2.77
159,Severo-Kurilsk,RU,2022-04-03 02:53:58,50.6789,156.125,30.34,68,99,26.75
160,Stornoway,GB,2022-04-03 02:54:28,58.2093,-6.3865,33.76,86,100,5.75
161,Fraga,ES,2022-04-03 02:54:29,41.5229,0.3489,34.52,57,0,3.71
162,Bermeo,ES,2022-04-03 02:54:29,43.4209,-2.7215,39.49,86,68,1.32
163,Agadez,NE,2022-04-03 02:54:29,19.75,10.25,81.16,5,100,4.47
164,North Bend,US,2022-04-03 02:54:30,43.4065,-124.2243,51.71,82,0,11.5
165,Kendari,ID,2022-04-03 02:54:30,-3.945,122.4989,84.83,72,70,1.83
166,Zhanakorgan,KZ,2022-04-03 02:54:31,43.9098,67.2495,60.49,29,45,4.09
167,Guerrero Negro,MX,2022-04-03 02:54:31,27.9769,-114.0611,60.03,75,90,13.2
168,Tiksi,RU,2022-04-03 02:54:31,71.6872,128.8694,-1.03,95,99,8.57
169,Beringovskiy,RU,2022-04-03 02:54:32,63.05,179.3167,5.34,84,100,16.13
170,Isangel,VU,2022-04-03 02:52:47,-19.55,169.2667,83.73,75,100,4.88
171,Wooster,US,2022-04-03 02:54:32,40.8051,-81.9351,43.59,72,0,0.0
172,Asau,RO,2022-04-03 02:54:33,46.4333,26.4,36.95,100,95,3.94
173,Turukhansk,RU,2022-04-03 02:54:33,65.8167,87.9833,11.17,95,100,3.83
174,Vaini,TO,2022-04-03 02:54:33,-21.2,-175.2,86.16,74,40,5.75
175,Alofi,NU,2022-04-03 02:54:34,-19.0595,-169.9187,84.09,74,52,13.8
176,Itarema,BR,2022-04-03 02:54:34,-2.9248,-39.9167,74.41,90,89,7.78
177,Salalah,OM,2022-04-03 02:54:35,17.0151,54.0924,78.48,52,77,1.66
178,Fort Nelson,CA,2022-04-03 02:54:35,58.8053,-122.7002,27.99,54,20,6.91
179,Matay,EG,2022-04-03 02:54:35,28.419,30.7792,69.39,30,100,10.63
180,Manakara,MG,2022-04-03 02:54:36,-22.1333,48.0167,70.05,95,63,5.46
181,Torbay,CA,2022-04-03 02:54:36,47.6666,-52.7314,35.58,91,100,16.11
182,Concarneau,FR,2022-04-03 02:54:36,47.875,-3.9225,34.83,75,12,7.29
183,Lovington,US,2022-04-03 02:54:37,32.944,-103.3485,66.16,21,0,3.0
184,Tupiza,BO,2022-04-03 02:54:37,-21.45,-65.7167,58.53,37,6,4.79
185,Pringsewu,ID,2022-04-03 02:54:38,-5.3582,104.9744,87.17,60,38,1.81
186,Ponta Do Sol,PT,2022-04-03 02:54:38,32.6667,-17.1,62.01,83,100,11.05
187,Ajdabiya,LY,2022-04-03 02:54:38,30.7554,20.2263,68.04,24,24,11.52
188,Inirida,CO,2022-04-03 02:54:39,3.8653,-67.9239,74.05,96,53,3.24
189,Padang,ID,2022-04-03 02:54:39,-0.9492,100.3543,82.45,61,7,4.45
190,Trincomalee,LK,2022-04-03 02:54:40,8.5711,81.2335,80.76,78,36,5.66
191,Iracoubo,GF,2022-04-03 02:54:40,5.4802,-53.2011,77.92,88,97,12.57
192,Samandag,TR,2022-04-03 02:54:40,36.0842,35.9771,62.55,51,35,3.2
193,Nantucket,US,2022-04-03 02:52:53,41.2835,-70.0995,42.94,77,0,12.66
194,Rio Cuarto,AR,2022-04-03 02:54:41,-33.1307,-64.3499,58.48,48,0,12.77
195,Kupang,ID,2022-04-03 02:54:41,-10.1667,123.5833,83.98,67,12,3.98
196,Cocal,BR,2022-04-03 02:54:42,-28.6167,-49.35,62.4,96,76,3.65
197,Concepcion,CL,2022-04-03 02:54:42,-36.827,-73.0498,55.2,88,75,10.36
198,Nanortalik,GL,2022-04-03 02:54:43,60.1432,-45.2371,35.51,90,100,9.17
199,Goderich,CA,2022-04-03 02:49:57,43.7501,-81.7165,37.72,70,100,2.3
200,Catuday,PH,2022-04-03 02:54:43,16.2923,119.8062,82.27,64,96,5.5
201,Baruun-Urt,MN,2022-04-03 02:54:43,46.6806,113.2792,51.48,16,100,14.88
202,Tagusao,PH,2022-04-03 02:54:44,9.1924,117.8141,85.1,64,84,4.07
203,Leningradskiy,RU,2022-04-03 02:54:44,69.3833,178.4167,-2.43,92,100,12.15
204,Radstadt,AT,2022-04-03 02:54:45,47.3833,13.45,23.36,98,100,4.05
205,Upernavik,GL,2022-04-03 02:54:45,72.7868,-56.1549,7.56,97,98,10.83
206,Pisco,PE,2022-04-03 02:54:45,-13.7,-76.2167,66.25,82,0,11.5
207,Lasa,IT,2022-04-03 02:54:46,46.6166,10.7002,18.81,93,99,5.3
208,Boca Do Acre,BR,2022-04-03 02:54:46,-8.7522,-67.3978,66.31,98,63,1.83
209,Shirokiy,RU,2022-04-03 02:54:47,49.758,129.523,40.3,87,43,8.59
210,Dikson,RU,2022-04-03 02:54:47,73.5069,80.5464,-0.58,96,24,7.34
211,Caramay,PH,2022-04-03 02:54:47,10.1815,119.236,82.44,76,86,9.1
212,Nyurba,RU,2022-04-03 02:54:48,63.2842,118.3319,17.69,88,96,4.12
213,Iqaluit,CA,2022-04-03 02:54:48,63.7506,-68.5145,24.53,93,100,11.5
214,Udachnyy,RU,2022-04-03 02:54:48,66.4167,112.4,16.45,92,100,6.55
215,Brae,GB,2022-04-03 02:54:49,60.3964,-1.353,43.88,81,100,21.39
216,Port Elizabeth,ZA,2022-04-03 02:53:01,-33.918,25.5701,64.09,99,100,13.8
217,Mount Gambier,AU,2022-04-03 02:54:49,-37.8333,140.7667,66.11,55,100,8.05
218,Asyut,EG,2022-04-03 02:54:50,27.181,31.1837,68.18,8,94,5.55
219,Ashland,US,2022-04-03 02:49:56,40.8167,-82.2665,45.14,69,96,4.92
220,Norman Wells,CA,2022-04-03 02:54:50,65.282,-126.8329,5.04,39,20,2.3
221,Hovd,MN,2022-04-03 02:54:51,48.0056,91.6419,44.98,15,17,3.13
222,Sorland,NO,2022-04-03 02:54:51,67.667,12.6934,35.11,73,100,28.19
223,Ustye,RU,2022-04-03 02:54:51,59.6304,39.736,22.08,90,100,11.18
224,Arraial Do Cabo,BR,2022-04-03 02:53:02,-22.9661,-42.0278,76.03,88,100,12.55
225,Darnah,LY,2022-04-03 02:54:52,32.767,22.6367,59.83,66,0,2.06
226,Panaba,MX,2022-04-03 02:54:52,21.2833,-88.2667,78.98,70,56,8.28
227,Alcudia,ES,2022-04-03 02:54:53,39.8532,3.1214,44.38,65,47,14.81
228,Manta,EC,2022-04-03 02:54:53,-0.95,-80.7333,76.78,83,40,6.91
229,Villanueva De La Serena,ES,2022-04-03 02:54:53,38.9766,-5.7974,36.86,51,100,5.93
230,Najran,SA,2022-04-03 02:54:54,17.4924,44.1277,61.45,22,0,1.1
231,Portland,US,2022-04-03 02:54:54,45.5234,-122.6762,55.02,63,46,1.01
232,Gat,IL,2022-04-03 02:54:54,31.61,34.7642,71.4,48,100,4.25
233,Arbagar,RU,2022-04-03 02:54:55,51.9438,116.2805,49.17,38,100,18.23
234,Cabo San Lucas,MX,2022-04-03 02:51:55,22.8909,-109.9124,72.61,69,99,5.01
235,Flinders,AU,2022-04-03 02:54:55,-34.5833,150.8552,79.05,53,98,11.01
236,Lusambo,CD,2022-04-03 02:54:55,-4.9667,23.45,67.06,99,100,0.74
237,Sao Felix Do Xingu,BR,2022-04-03 02:54:09,-6.6447,-51.995,72.16,98,36,1.68
238,General Roca,AR,2022-04-03 02:54:56,-39.0333,-67.5833,71.62,35,41,19.06
239,Taltal,CL,2022-04-03 02:54:56,-25.4,-70.4833,63.34,77,0,3.51
240,Bull Savanna,JM,2022-04-03 02:54:57,17.8868,-77.5902,73.4,83,23,7.27
241,Malibu,US,2022-04-03 02:54:57,34.005,-118.8101,62.01,88,95,4.0
242,Byron Bay,AU,2022-04-03 02:51:46,-28.65,153.6167,84.7,70,35,11.01
243,Lubu,CN,2022-04-03 02:54:58,23.1742,112.2809,68.4,43,0,5.68
244,Raudeberg,NO,2022-04-03 02:54:58,61.9875,5.1352,33.96,94,100,11.12
245,Saint-Georges,GD,2022-04-03 02:54:58,12.0564,-61.7485,80.28,74,40,21.85
246,La Ronge,CA,2022-04-03 02:54:59,55.1001,-105.2842,34.02,55,100,3.44
247,Wanaka,NZ,2022-04-03 02:50:09,-44.7,169.15,73.11,34,37,4.0
248,Kouango,CF,2022-04-03 02:54:59,4.9934,19.9619,75.31,79,100,6.87
249,Eydhafushi,MV,2022-04-03 02:54:59,5.1033,73.0708,82.87,69,25,3.85
250,Naze,JP,2022-04-03 02:55:00,28.3667,129.4833,58.12,74,100,15.41
251,Donaueschingen,DE,2022-04-03 02:55:00,47.95,8.5,28.98,95,98,6.22
252,Kindu,CD,2022-04-03 02:55:01,-2.95,25.95,70.2,100,100,2.64
253,Makakilo City,US,2022-04-03 02:55:01,21.3469,-158.0858,78.57,61,75,9.22
254,Hushitai,CN,2022-04-03 02:55:02,41.9322,123.5114,62.51,28,44,18.14
255,Baraboo,US,2022-04-03 02:55:02,43.4711,-89.7443,39.24,92,100,6.91
256,Vardo,NO,2022-04-03 02:55:02,70.3705,31.1107,28.18,79,100,12.37
257,Kahului,US,2022-04-03 02:55:03,20.8947,-156.47,76.84,84,67,11.99
258,Warrnambool,AU,2022-04-03 02:55:03,-38.3833,142.4833,64.81,72,99,6.44
259,Saskylakh,RU,2022-04-03 02:55:04,71.9167,114.0833,0.59,94,100,10.74
260,Baranchinskiy,RU,2022-04-03 02:55:04,58.1617,59.6991,25.81,96,100,8.7
261,Nefteyugansk,RU,2022-04-03 02:55:04,61.0998,72.6035,12.88,97,100,1.86
262,Kenora,CA,2022-04-03 02:51:49,49.8167,-94.4337,31.17,80,100,4.61
263,Zheleznodorozhnyy,RU,2022-04-03 02:55:05,55.7503,38.0042,30.42,95,100,13.13
264,Northam,GB,2022-04-03 02:55:05,51.0333,-4.2167,34.39,82,10,4.94
265,Hasaki,JP,2022-04-03 02:54:32,35.7333,140.8333,52.29,58,100,14.85
266,Kamenka,RU,2022-04-03 02:55:06,51.3223,42.7678,50.58,81,73,21.23
267,Vao,NC,2022-04-03 02:55:06,-22.6667,167.4833,79.16,87,97,21.09
268,Sindor,RU,2022-04-03 02:55:07,62.8629,51.8905,17.51,89,100,6.8
269,Rybnik,PL,2022-04-03 02:55:07,50.0971,18.5418,30.2,88,100,8.01
270,Souillac,MU,2022-04-03 02:55:08,-20.5167,57.5167,75.58,100,40,20.71
271,Luanda,AO,2022-04-03 02:51:10,-8.8368,13.2343,77.18,86,100,8.46
272,Ayan,RU,2022-04-03 02:55:08,56.45,138.1667,28.99,75,28,5.32
273,Stolin,BY,2022-04-03 02:55:08,51.8912,26.846,29.8,97,100,10.63
274,Hualmay,PE,2022-04-03 02:55:09,-11.0964,-77.6139,68.58,87,98,10.09
275,Korla,CN,2022-04-03 02:55:09,41.7597,86.1469,61.02,21,43,5.73
276,Hima,UG,2022-04-03 02:55:10,0.2958,30.1804,67.17,91,100,2.08
277,Hamilton,US,2022-04-03 02:55:10,39.1834,-84.5333,49.89,66,90,5.99
278,Norfolk,US,2022-04-03 02:50:55,42.1668,-71.2495,43.54,61,0,0.0
279,Riberalta,BO,2022-04-03 02:55:11,-10.9833,-66.1,69.84,83,93,1.52
280,Clyde River,CA,2022-04-03 02:55:11,70.4692,-68.5914,7.03,92,100,5.75
281,Iquique,CL,2022-04-03 02:55:11,-20.2208,-70.1431,64.44,74,0,2.13
282,Canoa,DO,2022-04-03 02:55:12,18.355,-71.1585,74.64,81,9,1.7
283,Luwuk,ID,2022-04-03 02:55:12,-0.9516,122.7875,83.59,78,100,2.64
284,Klaksvik,FO,2022-04-03 02:55:13,62.2266,-6.589,43.72,89,100,23.2
285,Raga,SS,2022-04-03 02:55:13,8.4596,25.678,77.47,53,85,5.77
286,Wajima,JP,2022-04-03 02:55:13,37.4,136.9,54.28,50,20,3.44
287,Barcelos,PT,2022-04-03 02:55:14,41.5388,-8.6151,47.84,68,1,7.14
288,Vostok,RU,2022-04-03 02:55:14,46.4856,135.8833,41.29,67,0,10.07
289,Lagos,NG,2022-04-03 02:50:32,6.5833,3.75,82.72,86,90,3.69
290,Fengkou,CN,2022-04-03 02:55:15,30.0833,113.2667,66.38,54,0,5.39
291,Zhigansk,RU,2022-04-03 02:55:15,66.7697,123.3711,15.76,93,100,8.25
292,Kerrobert,CA,2022-04-03 02:55:15,51.9168,-109.1348,39.25,79,100,8.14
293,Riyadh,SA,2022-04-03 02:50:55,24.6877,46.7219,64.54,14,24,4.7
294,Houston,US,2022-04-03 02:51:13,29.7633,-95.3633,74.12,72,75,6.91
295,Mezen,RU,2022-04-03 02:55:16,65.8522,44.24,7.88,97,71,4.83
296,Sisimiut,GL,2022-04-03 02:55:16,66.9395,-53.6735,25.54,95,100,4.23
297,Pemangkat,ID,2022-04-03 02:55:17,1.1667,108.9667,85.33,66,20,1.74
298,Hervey Bay,AU,2022-04-03 02:55:17,-25.2986,152.8535,80.02,60,8,7.99
299,Birao,CF,2022-04-03 02:55:18,10.2849,22.7882,78.01,15,100,6.89
300,Tiznit,MA,2022-04-03 02:55:18,29.5833,-9.5,56.03,84,84,2.51
301,Escanaba,US,2022-04-03 02:55:18,45.7453,-87.0646,33.96,100,100,4.61
302,Rio Grande City,US,2022-04-03 02:55:19,26.3798,-98.8203,77.88,68,75,10.09
303,Forio,IT,2022-04-03 02:55:19,40.7342,13.8646,45.45,90,92,14.0
304,Sao Joao Da Barra,BR,2022-04-03 02:55:20,-21.6403,-41.0511,75.78,87,25,4.54
305,Port Macquarie,AU,2022-04-03 02:55:20,-31.4333,152.9167,78.89,45,99,5.28
306,Porto Santo,PT,2022-04-03 02:55:20,33.072,-16.3415,61.18,77,40,13.8
307,Formosa,AR,2022-04-03 02:55:21,-26.1775,-58.1781,73.38,88,100,6.91
308,Luocheng,CN,2022-04-03 02:55:21,29.3848,104.0286,65.41,56,52,3.69
309,Hachinohe,JP,2022-04-03 02:55:22,40.5,141.5,47.03,45,0,7.34
310,Yatou,CN,2022-04-03 02:55:22,37.15,122.3833,55.85,45,0,4.79
311,Canyon,US,2022-04-03 02:50:57,34.9803,-101.9188,65.25,23,0,17.27
312,Svetlogorsk,BY,2022-04-03 02:55:23,52.6333,29.7333,29.34,93,100,10.31
313,Lisala,CD,2022-04-03 02:55:23,2.15,21.5167,70.93,97,100,4.88
314,Codrington,AU,2022-04-03 02:55:23,-38.2667,141.9667,64.26,66,98,7.18
315,Milkovo,RU,2022-04-03 02:55:24,54.7167,158.6167,27.91,54,88,3.58
316,Peterhead,GB,2022-04-03 02:55:24,57.5058,-1.7981,36.45,78,100,13.44
317,Koslan,RU,2022-04-03 02:55:24,63.4564,48.8989,13.69,94,99,5.95
318,Simao,CN,2022-04-03 02:55:25,22.7886,100.9748,64.83,49,3,1.54
319,Ostrovnoy,RU,2022-04-03 02:55:25,68.0531,39.5131,17.92,89,100,12.24
320,Buenos Aires,AR,2022-04-03 02:55:26,-34.6132,-58.3772,65.93,67,0,8.05
321,Kumluca,TR,2022-04-03 02:55:26,36.3703,30.2869,60.76,48,0,3.33
322,Lebedyan,RU,2022-04-03 02:55:26,53.0194,39.1664,34.7,95,100,18.59
323,Tautira,PF,2022-04-03 02:55:27,-17.7333,-149.15,81.61,80,87,9.01
324,Seoul,KR,2022-04-03 02:53:12,37.5683,126.9778,58.39,33,0,3.44
325,Mecca,SA,2022-04-03 02:55:27,21.4267,39.8261,77.88,27,12,2.8
326,Hohhot,CN,2022-04-03 02:55:28,40.8106,111.6522,48.49,18,0,4.47
327,Kudahuvadhoo,MV,2022-04-03 02:55:28,2.6708,72.8944,82.65,66,1,2.1
328,Fare,PF,2022-04-03 02:55:28,-16.7,-151.0167,82.2,75,39,6.91
329,Saint-Joseph,RE,2022-04-03 02:55:29,-21.3667,55.6167,73.09,84,100,11.3
330,Surt,LY,2022-04-03 02:55:29,31.2089,16.5887,63.0,69,21,12.97
331,Ekhabi,RU,2022-04-03 02:55:30,53.5102,142.9671,34.97,97,33,6.87
332,Praia Da Vitoria,PT,2022-04-03 02:55:30,38.7333,-27.0667,59.76,94,75,15.55
333,Hami,CN,2022-04-03 02:55:30,42.8,93.45,59.04,15,39,6.31
334,Port Antonio,JM,2022-04-03 02:55:31,18.18,-76.4612,80.51,83,42,7.05
335,Itoman,JP,2022-04-03 02:54:36,26.1247,127.6694,64.42,92,75,10.36
336,Nicolae Balcescu,RO,2022-04-03 02:55:31,46.4667,26.9167,39.85,81,75,9.22
337,Gerash,IR,2022-04-03 02:55:32,27.6652,54.1371,59.14,21,13,3.09
338,Alice Springs,AU,2022-04-03 02:52:09,-23.7,133.8833,78.35,22,0,5.75
339,Shenzhen,CN,2022-04-03 02:52:23,22.5455,114.0683,69.22,56,18,11.07
340,Elk City,US,2022-04-03 02:55:32,35.412,-99.4043,59.22,51,0,0.0
341,Ancud,CL,2022-04-03 02:55:33,-41.8697,-73.8203,46.22,79,57,9.75
342,Champerico,GT,2022-04-03 02:55:33,14.3,-91.9167,82.65,71,0,9.37
343,Nautanwa,IN,2022-04-03 02:55:33,27.4333,83.4167,86.43,49,0,8.7
344,Santa Rosalia,MX,2022-04-03 02:55:34,27.3167,-112.2833,66.78,52,94,3.76
345,Ambon,ID,2022-04-03 02:55:34,-3.6954,128.1814,91.54,62,20,8.05
346,Santa Maria Del Oro,MX,2022-04-03 02:55:35,25.9333,-105.3667,65.8,13,59,5.57
347,Olinda,BR,2022-04-03 02:55:35,-8.0089,-34.8553,80.33,78,40,6.91
348,Newcastle,AU,2022-04-03 02:55:35,-32.9272,151.7765,77.72,45,100,12.66
349,Pevek,RU,2022-04-03 02:55:36,69.7008,170.3133,1.0,87,100,3.09
350,Ust-Ishim,RU,2022-04-03 02:55:36,57.6935,71.1665,28.56,93,56,6.67
351,Amazar,RU,2022-04-03 02:55:37,53.858,120.875,45.23,60,100,11.92
352,Poum,NC,2022-04-03 02:55:37,-20.2333,164.0167,83.1,78,82,8.57
353,Custoias,PT,2022-04-03 02:55:37,41.1053,-7.321,32.54,65,5,3.78
354,Tonantins,BR,2022-04-03 02:55:38,-2.8731,-67.8022,68.59,100,95,1.77
355,Mahebourg,MU,2022-04-03 02:55:38,-20.4081,57.7,77.25,100,40,20.71
356,Sulangan,PH,2022-04-03 02:55:38,11.1373,123.7228,81.82,74,99,15.28
357,Kamaishi,JP,2022-04-03 02:54:56,39.2667,141.8833,48.83,61,8,11.21
358,Duobao,CN,2022-04-03 02:55:39,30.67,112.6895,66.94,57,0,6.89
359,Broome,US,2022-04-03 02:55:39,42.2506,-75.833,39.54,63,100,1.99
360,Chabahar,IR,2022-04-03 02:55:40,25.2919,60.643,78.55,61,76,4.43
361,Vitoria Da Conquista,BR,2022-04-03 02:52:00,-14.8661,-40.8394,63.05,96,4,5.37
362,Muros,ES,2022-04-03 02:55:40,42.7762,-9.0603,45.09,72,2,12.26
363,Tateyama,JP,2022-04-03 02:55:40,34.9833,139.8667,50.09,73,100,12.86
364,Haverfordwest,GB,2022-04-03 02:55:41,51.8017,-4.9691,35.55,92,14,4.34
365,Barranca,PE,2022-04-03 02:55:41,-10.75,-77.7667,68.16,86,84,8.21
366,Glazov,RU,2022-04-03 02:55:42,58.1394,52.6584,32.11,96,100,13.29
367,Zheleznogorsk,RU,2022-04-03 02:55:42,52.331,35.3711,31.82,93,100,11.1
368,Carutapera,BR,2022-04-03 02:55:43,-1.195,-46.02,75.09,95,83,4.88
369,Krasnyy,RU,2022-04-03 02:55:43,54.5678,31.4333,26.87,91,100,13.94
370,Barentu,ER,2022-04-03 02:55:43,15.1139,37.5928,75.25,42,8,7.34
371,San Carlos De Bariloche,AR,2022-04-03 02:55:44,-41.1456,-71.3082,38.95,65,40,9.22
372,Mapiripan,CO,2022-04-03 02:55:44,2.8892,-72.1256,73.53,96,98,4.38
373,Avera,US,2022-04-03 02:55:45,33.194,-82.5271,53.11,69,1,5.19
374,San Cristobal,VE,2022-04-03 02:55:45,7.7669,-72.225,73.58,79,30,2.3
375,Takoradi,GH,2022-04-03 02:55:45,4.8845,-1.7554,79.38,88,100,8.95
376,Letterkenny,IE,2022-04-03 02:55:46,54.95,-7.7333,35.6,90,100,2.48
377,Ilheus,BR,2022-04-03 02:55:46,-14.7889,-39.0494,73.96,89,79,3.58
378,Oranjemund,NA,2022-04-03 02:55:47,-28.55,16.4333,56.03,95,87,1.36
379,Sola,VU,2022-04-03 02:55:47,-13.8833,167.55,81.12,78,100,12.97
380,Egvekinot,RU,2022-04-03 02:55:48,66.3167,-179.1667,-3.33,84,9,14.94
381,Troutdale,US,2022-04-03 02:51:45,45.5393,-122.3873,55.38,64,31,3.4
382,Touros,BR,2022-04-03 02:55:48,-5.1989,-35.4608,77.4,89,52,10.29
383,Yeppoon,AU,2022-04-03 02:55:48,-23.1333,150.7333,85.78,60,84,13.89
384,Haines Junction,CA,2022-04-03 02:55:49,60.7522,-137.5108,40.95,38,100,4.61
385,Tuatapere,NZ,2022-04-03 02:55:49,-46.1333,167.6833,60.37,69,33,9.6
386,Pahrump,US,2022-04-03 02:55:50,36.2083,-115.9839,74.25,19,100,1.99
387,Kaniama,CD,2022-04-03 02:55:50,-7.5667,24.1833,65.61,99,99,3.27
388,Sao Sebastiao,BR,2022-04-03 02:55:50,-23.76,-45.4097,73.26,94,98,4.9
389,Chifeng,CN,2022-04-03 02:55:51,42.2683,118.9636,59.14,17,71,16.87
390,Luneville,FR,2022-04-03 02:55:51,48.6,6.5,31.89,95,80,5.77
391,Weligama,LK,2022-04-03 02:55:52,5.9667,80.4167,81.54,74,8,0.07
392,Moose Factory,CA,2022-04-03 02:55:52,51.2585,-80.6094,32.0,74,100,4.61
393,Alta Floresta,BR,2022-04-03 02:55:52,-9.8756,-56.0861,70.99,97,8,1.32
394,Paciran,ID,2022-04-03 02:55:53,-6.8767,112.3761,85.14,69,51,5.23
395,Bullhead City,US,2022-04-03 02:55:53,35.1478,-114.5683,80.89,18,0,9.22
396,Longyearbyen,SJ,2022-04-03 02:55:54,78.2186,15.6401,4.84,66,20,14.97
397,Saint George,US,2022-04-03 02:54:56,37.1041,-113.5841,75.79,21,0,6.91
398,Talara,PE,2022-04-03 02:55:54,-4.5772,-81.2719,72.16,85,87,14.99
399,Diamantino,BR,2022-04-03 02:51:17,-14.4086,-56.4461,69.24,95,7,1.79
400,Shelton,US,2022-04-03 02:55:55,41.3165,-73.0932,44.55,66,0,3.44
401,Mount Pleasant,US,2022-04-03 02:55:55,32.7941,-79.8626,61.0,91,0,0.0
402,Yenagoa,NG,2022-04-03 02:55:55,4.9247,6.2642,76.78,89,83,2.82
403,Marzuq,YE,2022-04-03 02:55:56,14.4,46.4667,65.28,29,0,2.15
404,Tabuk,PH,2022-04-03 02:55:56,17.4189,121.4443,78.35,76,98,4.18
405,Luderitz,NA,2022-04-03 02:55:57,-26.6481,15.1594,57.47,85,2,9.08
406,Kalaleh,IR,2022-04-03 02:55:57,37.3807,55.4916,55.0,67,0,0.0
407,Lukow,PL,2022-04-03 02:55:57,51.929,22.3796,25.93,91,100,11.23
408,Port Hedland,AU,2022-04-03 02:55:58,-20.3167,118.5667,95.05,36,4,5.75
409,Waw,SS,2022-04-03 02:55:58,7.7029,27.9953,82.89,44,84,5.41
410,Porbandar,IN,2022-04-03 02:55:59,21.6422,69.6093,80.04,63,2,6.31
411,Ahipara,NZ,2022-04-03 02:55:59,-35.1667,173.1667,72.05,67,96,1.5
412,Albion,US,2022-04-03 02:55:59,42.2431,-84.753,36.01,95,100,0.0
413,Lhokseumawe,ID,2022-04-03 02:56:00,5.1801,97.1507,81.57,78,100,3.94
414,Katangli,RU,2022-04-03 02:56:00,51.7102,143.2326,36.05,98,49,11.97
415,Linhares,BR,2022-04-03 02:56:01,-19.3911,-40.0722,71.85,93,2,1.9
416,Cottonwood Heights,US,2022-04-03 02:56:01,40.6197,-111.8102,54.52,37,0,12.66
417,Chuy,UY,2022-04-03 02:56:01,-33.6971,-53.4616,63.1,82,0,10.47
418,Micheweni,TZ,2022-04-03 02:56:02,-4.9667,39.8333,80.62,76,80,5.84
419,Tual,ID,2022-04-03 02:56:02,-5.6667,132.75,82.2,63,51,1.36
420,Kankaanpaa,FI,2022-04-03 02:56:03,61.8,22.4167,27.36,97,94,3.31
421,Khovu-Aksy,RU,2022-04-03 02:56:03,51.1333,93.6,37.17,66,100,1.16
422,Arica,CL,2022-04-03 02:56:04,-18.475,-70.3042,67.55,68,0,3.44
423,Belmonte,BR,2022-04-03 02:56:04,-15.8631,-38.8828,76.33,84,10,4.63
424,Pontes E Lacerda,BR,2022-04-03 02:56:04,-15.2261,-59.3353,67.75,97,19,2.77
425,Arlit,NE,2022-04-03 02:56:05,18.7369,7.3853,79.41,5,73,5.55
426,Pangnirtung,CA,2022-04-03 02:56:05,66.1451,-65.7125,14.65,79,61,6.8
427,Zbysov,CZ,2022-04-03 02:56:05,49.1552,16.3495,33.75,62,0,11.5
428,Xining,CN,2022-04-03 02:56:06,36.6167,101.7667,46.81,26,100,0.98
429,Huarmey,PE,2022-04-03 02:56:06,-10.0681,-78.1522,69.82,84,66,9.86
430,Sunrise Manor,US,2022-04-03 02:56:07,36.2111,-115.0731,79.81,18,73,7.0
431,Valdivia,CL,2022-04-03 02:52:53,-39.8142,-73.2459,42.89,91,33,2.19
432,Dingle,PH,2022-04-03 02:56:07,10.9995,122.6711,84.52,66,97,14.41
433,Krasnyy Tkach,RU,2022-04-03 02:56:07,55.4721,39.0802,30.4,96,100,11.43
434,Hienghene,NC,2022-04-03 02:56:08,-20.6833,164.9333,82.44,80,100,14.83
435,Bilibino,RU,2022-04-03 02:56:08,68.0546,166.4372,17.17,75,100,2.15
436,Mayo,US,2022-04-03 02:56:09,38.8876,-76.5119,48.25,69,0,5.99
437,Sao Luis,BR,2022-04-03 02:56:09,-2.5297,-44.3028,80.8,94,40,3.44
438,Zhaotong,CN,2022-04-03 02:56:09,27.3167,103.7167,52.47,57,7,7.49
439,Rzhyshchiv,UA,2022-04-03 02:56:10,49.9689,31.0463,35.98,80,100,8.95
440,Port Lincoln,AU,2022-04-03 02:56:10,-34.7333,135.8667,67.05,62,5,8.46
441,Carballo,ES,2022-04-03 02:56:10,43.213,-8.691,44.01,87,6,3.74
442,Te Anau,NZ,2022-04-03 02:56:11,-45.4167,167.7167,70.92,35,86,0.94
443,Ponta Delgada,PT,2022-04-03 02:56:11,37.7333,-25.6667,57.92,88,20,6.91
444,Voh,NC,2022-04-03 02:56:12,-20.9667,164.7,84.61,78,91,7.31
445,Mazagao,BR,2022-04-03 02:56:12,-0.115,-51.2894,78.85,98,100,3.33
446,Sur,OM,2022-04-03 02:56:12,22.5667,59.5289,84.45,37,70,6.33
447,Shelburne,CA,2022-04-03 02:51:45,44.0787,-80.2041,34.23,76,100,3.96
448,Mutiscua,CO,2022-04-03 02:56:13,7.3009,-72.7467,50.31,94,93,3.65
449,Lagoa,PT,2022-04-03 02:55:35,39.05,-27.9833,58.46,77,63,21.47
450,Yulara,AU,2022-04-03 02:56:13,-25.2406,130.9889,78.64,22,0,9.22
451,Karratha,AU,2022-04-03 02:56:14,-20.7377,116.8463,88.63,54,5,6.33
452,Bantul,ID,2022-04-03 02:56:14,-7.8881,110.3289,85.68,66,15,4.0
453,New Kensington,US,2022-04-03 02:56:14,40.5698,-79.7648,47.34,54,98,3.24
454,Tiarei,PF,2022-04-03 02:56:15,-17.5333,-149.3333,86.02,77,57,9.91
455,Dunedin,NZ,2022-04-03 02:56:15,-45.8742,170.5036,61.99,66,85,7.09
456,Sayyan,YE,2022-04-03 02:56:16,15.1718,44.3244,52.39,25,1,4.74
457,Dehui,CN,2022-04-03 02:56:16,44.5333,125.7,57.58,26,70,21.27
458,Marsh Harbour,BS,2022-04-03 02:55:31,26.5412,-77.0636,76.71,81,100,10.71
459,Mercedes,AR,2022-04-03 02:56:16,-34.6515,-59.4307,58.64,73,0,8.43
460,Vestmannaeyjar,IS,2022-04-03 02:56:17,63.4427,-20.2734,45.79,99,100,9.69
461,Coquimbo,CL,2022-04-03 02:56:17,-29.9533,-71.3436,55.13,87,20,4.61
462,Hanzhong,CN,2022-04-03 02:56:17,33.0728,107.0303,64.72,50,51,3.11
463,Sarankhola,BD,2022-04-03 02:56:18,22.3082,89.7897,88.68,51,28,9.55
464,Manali,IN,2022-04-03 02:56:18,13.1667,80.2667,84.29,89,7,9.93
465,Olafsvik,IS,2022-04-03 02:56:18,64.8945,-23.7142,42.58,98,100,10.42
466,Roebourne,AU,2022-04-03 02:56:19,-20.7833,117.1333,89.22,50,0,4.36
467,Barra Do Garcas,BR,2022-04-03 02:55:22,-15.89,-52.2567,73.38,83,5,2.13
468,Evanston,US,2022-04-03 02:51:42,42.0411,-87.6901,37.47,93,100,4.0
469,Rincon,US,2022-04-03 02:56:19,32.296,-81.2354,63.86,96,98,3.04
470,Vallenar,CL,2022-04-03 02:56:20,-28.5708,-70.7581,61.65,67,0,0.47
471,Tanout,NE,2022-04-03 02:56:20,14.9709,8.8879,79.74,5,100,9.89
472,Matara,LK,2022-04-03 02:56:20,5.9485,80.5353,81.55,75,7,0.76
473,Punta De Bombon,PE,2022-04-03 02:56:21,-17.1717,-71.7931,68.81,80,87,4.97
474,Palestina,PS,2022-04-03 02:56:21,31.9216,35.2033,62.94,30,100,4.09
475,Batagay,RU,2022-04-03 02:56:21,67.6333,134.6333,11.17,79,77,0.76
476,Moree,AU,2022-04-03 02:56:22,-29.4667,149.85,71.62,49,100,19.57
477,Palora,EC,2022-04-03 02:56:22,-1.7,-77.9333,65.07,99,99,1.03
478,Mbini,GQ,2022-04-03 02:56:23,1.574,9.6134,76.84,86,73,4.5
479,Jashpurnagar,IN,2022-04-03 02:56:23,22.9,84.15,87.55,21,2,3.65
480,Tupik,RU,2022-04-03 02:56:23,54.4253,119.9327,38.62,80,100,15.26
481,Xihe,CN,2022-04-03 02:56:24,31.6864,113.4659,65.95,36,0,6.49
482,Chernyshevskiy,RU,2022-04-03 02:56:24,63.0128,112.4714,12.25,88,95,7.99
483,Gamba,GA,2022-04-03 02:56:24,-2.65,10.0,74.46,94,86,2.82
484,Rawson,AR,2022-04-03 02:56:25,-43.3002,-65.1023,60.17,44,100,25.39
485,Comodoro Rivadavia,AR,2022-04-03 02:56:25,-45.8667,-67.5,53.46,43,0,24.16
486,Rangpur,BD,2022-04-03 02:52:13,25.75,89.25,78.82,76,19,8.08
487,Bataipora,BR,2022-04-03 02:56:26,-22.2953,-53.2711,68.38,86,65,5.44
488,Uporovo,RU,2022-04-03 02:56:26,56.3109,66.2693,32.76,100,100,1.25
489,Maniitsoq,GL,2022-04-03 02:56:26,65.4167,-52.9,29.71,98,100,7.14
490,Tabas,IR,2022-04-03 02:56:27,33.5959,56.9244,69.44,14,13,1.92
491,Balabac,PH,2022-04-03 02:56:27,7.9868,117.0645,82.38,76,100,10.85
492,Rio Claro,BR,2022-04-03 02:56:28,-22.4114,-47.5614,72.39,78,37,9.13
493,Tatarsk,RU,2022-04-03 02:56:28,55.219,75.9828,33.17,100,100,10.2
494,Tacuarembo,UY,2022-04-03 02:56:28,-31.7333,-55.9833,55.11,87,14,5.91
495,Benghazi,LY,2022-04-03 02:56:29,32.1167,20.0667,65.28,43,22,5.37
496,Homer,US,2022-04-03 02:56:29,59.6425,-151.5483,41.81,70,100,4.0
497,Mandawar,IN,2022-04-03 02:56:30,29.5,78.1333,84.34,9,0,6.64
498,Suamico,US,2022-04-03 02:55:55,44.6319,-88.0393,39.97,90,96,1.99
499,Ligayan,PH,2022-04-03 02:56:30,4.6533,119.4706,79.47,84,100,15.19
500,Trat,TH,2022-04-03 02:56:30,12.5,102.5,75.9,73,99,18.32
501,Igarka,RU,2022-04-03 02:56:31,67.4667,86.5833,5.09,98,100,4.79
502,Jakar,BT,2022-04-03 02:56:31,27.5492,90.7525,57.22,72,80,3.6
503,Cockburn Town,TC,2022-04-03 02:56:31,21.4612,-71.1419,77.7,78,2,20.65
504,Montrose,US,2022-04-03 02:56:32,38.4166,-108.2673,51.21,54,98,7.25
505,Mazara Del Vallo,IT,2022-04-03 02:56:32,37.6641,12.588,51.89,56,75,19.44
506,Vila Velha,BR,2022-04-03 02:56:33,-20.3297,-40.2925,78.75,91,75,3.44
507,Zhezkazgan,KZ,2022-04-03 02:56:33,47.8043,67.7144,39.18,81,0,8.95
508,Ergani,TR,2022-04-03 02:55:17,38.2653,39.7621,50.31,59,80,3.06
509,Ammon,US,2022-04-03 02:56:33,43.4696,-111.9666,44.94,42,80,10.0
510,Kieta,PG,2022-04-03 02:56:34,-6.2167,155.6333,83.39,78,35,7.7
511,Mormugao,IN,2022-04-03 02:53:15,15.4,73.8,79.86,78,20,5.75
512,Tuy Hoa,VN,2022-04-03 02:56:34,13.0833,109.3,72.61,91,100,18.97
513,Natchitoches,US,2022-04-03 02:56:35,31.7668,-93.1335,63.45,77,0,0.0
514,Honiara,SB,2022-04-03 02:56:35,-9.4333,159.95,84.83,73,56,6.67
515,Inuvik,CA,2022-04-03 02:56:35,68.3499,-133.7218,-3.24,54,20,3.44
516,La Asuncion,VE,2022-04-03 02:55:01,11.0333,-63.8628,78.53,83,63,20.71
517,Nurota,UZ,2022-04-03 02:56:36,40.5614,65.6886,61.39,40,61,5.79
518,Biankouma,CI,2022-04-03 02:56:36,7.7391,-7.6138,68.79,97,100,2.24
519,Acajutla,SV,2022-04-03 02:56:36,13.5928,-89.8275,81.59,79,49,6.93
520,College,US,2022-04-03 02:56:37,64.8569,-147.8028,23.58,77,100,9.22
521,Khani,GE,2022-04-03 02:56:37,41.9563,42.9566,38.77,73,29,10.42
522,Goiatuba,BR,2022-04-03 02:56:37,-18.0125,-49.3547,69.67,73,11,4.09
523,Mareeba,AU,2022-04-03 02:56:38,-17.0,145.4333,86.49,46,96,1.61
524,Cantagallo,CO,2022-04-03 02:56:38,7.376,-73.9196,76.01,95,28,2.28
525,Harwich,GB,2022-04-03 02:56:38,51.9419,1.2844,31.28,81,8,4.0
526,Kiama,AU,2022-04-03 02:56:39,-34.6833,150.8667,79.25,50,98,10.09
527,Camopi,GF,2022-04-03 02:56:39,3.1655,-52.3158,72.37,99,100,1.63
528,Ugoofaaru,MV,2022-04-03 02:56:40,5.6667,73.0,82.83,69,12,3.58
529,Anadyr,RU,2022-04-03 02:56:40,64.75,177.4833,14.5,66,20,6.71
530,Siderno,IT,2022-04-03 02:56:40,38.2779,16.302,46.33,72,43,8.72
531,Kutahya,TR,2022-04-03 02:56:41,39.4242,29.9833,47.03,54,20,14.56
532,Roald,NO,2022-04-03 02:56:41,62.5833,6.1333,38.75,93,100,17.27
533,Gazojak,TM,2022-04-03 02:56:41,41.1875,61.4036,61.09,34,43,11.79
534,Morgan City,US,2022-04-03 02:56:42,29.6994,-91.2068,63.01,72,0,5.37
535,Divnogorsk,RU,2022-04-03 02:56:42,55.9594,92.3619,28.89,80,100,1.19
536,Vanimo,PG,2022-04-03 02:56:42,-2.6741,141.3028,84.92,69,100,2.71
537,Puerto Del Rosario,ES,2022-04-03 02:56:43,28.5004,-13.8627,62.35,63,0,2.3
538,Norden,DE,2022-04-03 02:56:43,53.6,7.2,35.96,66,30,9.73
539,Tias,ES,2022-04-03 02:56:44,28.9611,-13.645,62.28,59,0,5.75
540,Sioux Lookout,CA,2022-04-03 02:56:44,50.1001,-91.917,32.07,74,75,6.91
541,Aswan,EG,2022-04-03 02:56:44,24.0934,32.907,76.3,17,0,6.91
542,Floro,NO,2022-04-03 02:56:45,61.5996,5.0328,35.24,86,100,6.91
543,Trogir,HR,2022-04-03 02:56:45,43.5125,16.2517,43.79,87,40,5.75
544,Dinghai,CN,2022-04-03 02:56:45,26.2847,119.7936,59.92,66,72,19.84
545,Dosso,NE,2022-04-03 02:56:46,13.049,3.1937,82.33,8,94,3.62
546,Ust-Nera,RU,2022-04-03 02:56:46,64.5667,143.2,10.49,78,100,1.72
547,Terney,RU,2022-04-03 02:56:46,45.0503,136.6092,48.54,49,2,10.6
548,Shakhovskaya,RU,2022-04-03 02:56:47,56.0283,35.5097,24.64,95,100,16.84
549,Cavalcante,BR,2022-04-03 02:56:47,-13.7975,-47.4583,67.15,52,10,3.38
550,Tura,IN,2022-04-03 02:56:47,25.5198,90.2201,77.56,76,3,4.7
551,Blackwater,AU,2022-04-03 02:56:48,-23.5833,148.8833,88.14,36,40,11.36
552,Dali,CN,2022-04-03 02:56:48,25.7,100.1833,53.53,65,80,2.19
553,Oskemen,KZ,2022-04-03 02:56:49,49.9565,82.6119,37.36,70,31,0.0
554,Yabelo,ET,2022-04-03 02:56:49,4.8833,38.0833,59.77,69,91,16.08
555,Hirara,JP,2022-04-03 02:56:50,24.8,125.2833,66.06,88,75,16.11
556,Nelson,NZ,2022-04-03 02:53:31,-41.2833,173.2833,72.28,70,0,3.0
557,Monrovia,LR,2022-04-03 02:56:50,6.3005,-10.7969,74.97,88,100,3.8
558,Omsukchan,RU,2022-04-03 02:56:50,62.5333,155.8,9.18,82,100,3.36
559,Cap-Aux-Meules,CA,2022-04-03 02:56:51,47.3821,-61.8597,32.05,100,100,25.32
560,Senno,RU,2022-04-03 02:56:51,59.5336,33.9167,11.19,97,22,3.27
561,Ziro,IN,2022-04-03 02:56:51,27.6333,93.8333,50.74,86,94,1.99
562,Southbridge,US,2022-04-03 02:56:52,42.0751,-72.0334,40.93,68,39,2.93
563,Jatibonico,CU,2022-04-03 02:56:52,21.9419,-79.17,74.68,78,14,1.25
564,Aasiaat,GL,2022-04-03 02:56:52,68.7098,-52.8699,14.67,95,100,9.82
565,Bogorodskoye,RU,2022-04-03 02:56:53,56.55,37.8833,27.03,96,100,14.0
566,Rietavas,LT,2022-04-03 02:56:53,55.7194,21.9311,23.47,72,1,4.9
567,Xanxere,BR,2022-04-03 02:56:54,-26.8769,-52.4042,62.71,87,2,7.4
568,Towada,JP,2022-04-03 02:56:54,40.6127,141.2067,47.88,34,0,3.6
569,Piskivka,UA,2022-04-03 02:56:54,50.6938,29.6193,33.06,97,100,5.55
570,Algiers,DZ,2022-04-03 02:56:55,36.7525,3.042,39.02,93,20,2.3
571,Zeya,RU,2022-04-03 02:56:55,53.75,127.2667,44.96,59,100,8.01
572,Namibe,AO,2022-04-03 02:56:55,-15.1961,12.1522,70.61,86,100,5.37
573,Krasnofarfornyy,RU,2022-04-03 02:56:56,59.1364,31.8502,21.94,91,13,5.28
574,Semey,KZ,2022-04-03 02:56:56,50.4111,80.2275,39.42,87,0,4.47
575,Chocen,CZ,2022-04-03 02:56:57,50.0016,16.223,30.65,68,99,9.51
576,Morrope,PE,2022-04-03 02:56:57,-6.5417,-80.0111,70.65,76,70,14.72
577,Kifri,IQ,2022-04-03 02:56:57,34.6959,44.9661,67.21,28,0,4.12
578,Shimoda,JP,2022-04-03 02:56:58,34.6667,138.95,50.36,79,100,16.8
579,Gogrial,SS,2022-04-03 02:56:58,8.5332,28.1004,83.25,44,100,4.68
580,Ushtobe,KZ,2022-04-03 02:56:58,45.2514,77.9838,56.05,38,0,3.24
581,Margate,GB,2022-04-03 02:56:59,51.3813,1.3862,39.69,67,34,1.99
582,Conceicao Do Araguaia,BR,2022-04-03 02:56:59,-8.2578,-49.2647,73.47,93,99,1.21
583,Smithers,CA,2022-04-03 02:57:00,54.7804,-127.1743,43.12,49,75,13.8
584,Bubaque,GW,2022-04-03 02:57:00,11.2833,-15.8333,74.3,67,88,11.41
585,Baghdad,IQ,2022-04-03 02:56:18,33.3406,44.4009,58.91,38,55,3.44
586,Shymkent,KZ,2022-04-03 02:57:00,42.3,69.6,52.39,62,0,4.47
587,Predivinsk,RU,2022-04-03 02:57:01,57.0669,93.4378,27.7,78,61,2.66
588,Chokurdakh,RU,2022-04-03 02:57:01,70.6333,147.9167,2.21,89,26,4.7
589,Sturgis,US,2022-04-03 02:57:02,41.7992,-85.4192,37.06,100,100,8.05
